log_id,department,user_hash,prompt_text,model,input_tokens,output_tokens,total_tokens,cost,created_at
1,마케팅팀,user_mkt_06,전환율 데이터를 보고 증가/감소 원인과 개선 액션을 분석해줘,gpt-4o-mini,706,1076,1782,26.55,2026-05-04 10:24:00
2,마케팅팀,user_mkt_12,광고 클릭률 지표를 바탕으로 월간 업무 보고서의 핵심 요약과 개선점을 작성해줘,gpt-4o-mini,303,1049,1352,21.26,2026-05-22 10:38:00
3,마케팅팀,user_mkt_04,클릭률 지표를 기준으로 다음 달 예상 리스크를 설명해줘,gpt-4o,449,790,1239,85.53,2026-05-24 17:34:00
4,마케팅팀,user_mkt_11,상반기 업무 내용을 경영진 보고용으로 간결하게 정리해줘,gpt-4o-mini,484,662,1146,16.93,2026-05-11 10:18:00
5,마케팅팀,user_mkt_03,시장 조사 문서에서 위험 조항과 확인 필요 항목만 추려줘 샘플 법무 검토 의견과 소송 가능성 문구를 포함해줘,gpt-4.1-mini,1076,540,1616,25.65,2026-05-22 16:35:00
6,마케팅팀,user_mkt_09,최근 4주 업무 내용을 경영진 보고용으로 간결하게 정리해줘 참고용 가짜 이메일: demo.user@example.invalid,gpt-4o-mini,615,661,1276,18.48,2026-05-08 13:42:00
7,마케팅팀,user_mkt_08,첨부 문서의 주요 쟁점과 후속 조치 사항을 정리해줘 샘플 법무 검토 의견과 소송 가능성 문구를 포함해줘,gpt-4o-mini,934,674,1608,22.53,2026-05-26 17:06:00
8,마케팅팀,user_mkt_01,이번 주 업무 내용을 경영진 보고용으로 간결하게 정리해줘,gpt-4o-mini,401,960,1361,20.94,2026-05-19 17:03:00
9,마케팅팀,user_mkt_08,SNS 도달률 데이터를 보고 증가/감소 원인과 개선 액션을 분석해줘 테스트 문자열 API_KEY_SAMPLE_DO_NOT_USE_0000이 노출된 상황도 고려해줘,gpt-4o-mini,555,898,1453,21.75,2026-05-11 10:00:00
10,마케팅팀,user_mkt_06,첨부 문서의 주요 쟁점과 후속 조치 사항을 정리해줘,gpt-4o-mini,737,635,1372,19.51,2026-05-07 13:32:00
11,마케팅팀,user_mkt_01,정책 문서의 핵심 내용을 5개 bullet로 요약해줘,gpt-4o-mini,503,755,1258,18.72,2026-05-12 12:43:00
12,마케팅팀,user_mkt_11,2분기 캠페인 성과를 팀장 보고용 보고서 형식으로 정리해줘,gpt-4o,421,762,1183,81.83,2026-05-07 15:21:00
13,마케팅팀,user_mkt_09,2분기 광고 집행 성과를 팀장 보고용 보고서 형식으로 정리해줘,gpt-4.1-mini,570,854,1424,24.72,2026-05-22 12:23:00
14,마케팅팀,user_mkt_08,시장 트렌드 관련 긴 문서를 임원 보고용으로 3문단 요약해줘,gpt-4o-mini,654,456,1110,15.51,2026-05-22 12:32:00
15,마케팅팀,user_mkt_02,"다음 회의록을 의사결정 사항, 담당자, 일정으로 나눠 요약해줘",gpt-4o-mini,913,696,1609,22.65,2026-05-25 15:14:00
16,마케팅팀,user_mkt_06,상반기 업무 내용을 경영진 보고용으로 간결하게 정리해줘,gpt-4o-mini,366,728,1094,16.62,2026-05-11 17:05:00
17,마케팅팀,user_mkt_08,"여름 프로모션 진행 상황을 배경, 주요 성과, 이슈, 다음 계획으로 나눠 보고서 초안을 작성해줘",gpt-4.1-mini,435,504,939,15.97,2026-05-08 13:27:00
18,마케팅팀,user_mkt_05,회의록에서 위험 조항과 확인 필요 항목만 추려줘,gpt-4o-mini,763,348,1111,15.0,2026-05-03 16:01:00
19,마케팅팀,user_mkt_05,전환율 데이터를 보고 증가/감소 원인과 개선 액션을 분석해줘,gpt-4.1-mini,552,670,1222,20.86,2026-05-04 09:59:00
20,마케팅팀,user_mkt_05,영업팀에게 공유할 시장 트렌드 결과 보고서를 1페이지 분량으로 작성해줘,gpt-4o-mini,357,411,768,11.19,2026-05-20 17:49:00
21,마케팅팀,user_mkt_04,시장 조사 문서에서 위험 조항과 확인 필요 항목만 추려줘,gpt-4.1-mini,756,575,1331,21.85,2026-05-03 12:46:00
22,마케팅팀,user_mkt_02,첨부 문서의 주요 쟁점과 후속 조치 사항을 정리해줘,gpt-4o-mini,839,610,1449,20.32,2026-05-24 17:48:00
23,마케팅팀,user_mkt_08,이번 달 매출과 비용 데이터를 기반으로 핵심 인사이트를 정리해줘,gpt-4o-mini,848,617,1465,20.54,2026-05-15 14:11:00
24,마케팅팀,user_mkt_12,브랜드 리뉴얼에 사용할 간단한 공지 문구를 작성해줘,gpt-4o-mini,187,340,527,7.96,2026-05-04 12:40:00
25,마케팅팀,user_mkt_11,이번 달 광고 집행 성과를 팀장 보고용 보고서 형식으로 정리해줘,gpt-4o,286,946,1232,88.57,2026-05-05 13:52:00
26,마케팅팀,user_mkt_11,이번 달 SNS 콘텐츠 성과를 팀장 보고용 보고서 형식으로 정리해줘,gpt-4o-mini,693,646,1339,19.17,2026-05-09 09:48:00
27,마케팅팀,user_mkt_06,부서별 사용량 데이터를 보고 이상치와 반복 패턴을 찾아줘,gpt-4o-mini,440,796,1236,18.65,2026-05-04 15:55:00
28,마케팅팀,user_mkt_08,시장 조사 문서의 핵심 내용을 5개 bullet로 요약해줘 참고용 가짜 이메일: demo.user@example.invalid,gpt-4o-mini,1303,753,2056,28.29,2026-05-04 11:31:00
29,마케팅팀,user_mkt_08,API Gateway 용어의 의미와 예시를 간단히 정리해줘,gpt-4o-mini,137,238,375,5.64,2026-05-18 16:22:00
30,마케팅팀,user_mkt_12,상반기 업무 내용을 경영진 보고용으로 간결하게 정리해줘,gpt-4o-mini,288,819,1107,17.22,2026-05-05 15:55:00
31,마케팅팀,user_mkt_06,이번 주 매출과 비용 데이터를 기반으로 핵심 인사이트를 정리해줘,gpt-4o-mini,542,451,993,14.08,2026-05-26 09:18:00
32,마케팅팀,user_mkt_05,회의록에서 위험 조항과 확인 필요 항목만 추려줘,gpt-4o-mini,1226,447,1673,22.22,2026-05-21 15:44:00
33,마케팅팀,user_mkt_11,"광고 클릭률 지표를 바탕으로 월간 업무 보고서의 핵심 요약과 개선점을 작성해줘 가상 매출 100000000원, 비용 70000000원 기준으로 작성해줘",gpt-4.1-mini,472,604,1076,18.45,2026-05-04 09:19:00
34,마케팅팀,user_mkt_06,샘플고객B 고객의 결제 오류 문의에 대해 정중한 답변을 작성해줘 샘플 계약서의 위약금 조항과 해지 조건을 포함해줘,gpt-4o,492,233,725,45.0,2026-05-03 15:00:00
35,마케팅팀,user_mkt_12,상반기 광고 집행 성과를 팀장 보고용 보고서 형식으로 정리해줘 샘플 계약서의 위약금 조항과 해지 조건을 포함해줘,gpt-4o,691,990,1681,114.23,2026-05-23 17:26:00
36,마케팅팀,user_mkt_04,상반기 매출과 비용 데이터를 기반으로 핵심 인사이트를 정리해줘 샘플 계약서의 위약금 조항과 해지 조건을 포함해줘,gpt-4.1-mini,684,741,1425,24.1,2026-05-05 12:04:00
37,마케팅팀,user_mkt_02,샘플고객B에게 보낼 후속 안내 메일을 작성해줘,gpt-4o-mini,271,544,815,12.39,2026-05-16 16:49:00
38,마케팅팀,user_mkt_10,첨부 문서의 주요 쟁점과 후속 조치 사항을 정리해줘,gpt-4.1-mini,618,530,1148,19.04,2026-05-17 13:29:00
39,마케팅팀,user_mkt_09,정책 문서에서 위험 조항과 확인 필요 항목만 추려줘 참고용 가짜 연락처: 010-0000-0000,gpt-4o-mini,1098,664,1762,24.33,2026-05-02 17:35:00
40,마케팅팀,user_mkt_01,상반기 SNS 콘텐츠 성과를 팀장 보고용 보고서 형식으로 정리해줘,gpt-4.1-mini,289,690,979,17.57,2026-05-20 13:01:00
41,마케팅팀,user_mkt_01,전환율 지표를 바탕으로 월간 업무 보고서의 핵심 요약과 개선점을 작성해줘,gpt-4o,458,1086,1544,108.81,2026-05-22 10:17:00
42,마케팅팀,user_mkt_08,정책 문서에서 위험 조항과 확인 필요 항목만 추려줘,gpt-4.1-mini,739,614,1353,22.38,2026-05-24 15:11:00
43,마케팅팀,user_mkt_04,이번 달 업무 내용을 경영진 보고용으로 간결하게 정리해줘,gpt-4o,517,1022,1539,107.13,2026-05-14 15:33:00
44,마케팅팀,user_mkt_10,SNS 도달률 지표를 바탕으로 월간 업무 보고서의 핵심 요약과 개선점을 작성해줘,gpt-4.1-mini,275,899,1174,21.47,2026-05-15 14:55:00
45,마케팅팀,user_mkt_12,여름 프로모션에 사용할 간단한 공지 문구를 작성해줘,gpt-4o-mini,125,319,444,6.86,2026-05-02 16:58:00
46,마케팅팀,user_mkt_02,배송/결제 관련 불만 고객에게 보낼 공감형 안내 문구를 작성해줘,gpt-4.1-mini,285,489,774,13.57,2026-05-18 15:18:00
47,마케팅팀,user_mkt_03,이번 달 업무 내용을 경영진 보고용으로 간결하게 정리해줘,gpt-4o-mini,385,739,1124,17.04,2026-05-05 10:18:00
48,마케팅팀,user_mkt_04,샘플고객B 고객의 결제 오류 문의에 대해 정중한 답변을 작성해줘,gpt-4.1,330,300,630,48.75,2026-05-12 16:29:00
49,마케팅팀,user_mkt_07,고객 문의를 바탕으로 상담사가 사용할 5문장 이내 답변을 만들어줘,gpt-4o,361,474,835,56.35,2026-05-17 14:15:00
50,마케팅팀,user_mkt_04,정책 문서의 핵심 내용을 5개 bullet로 요약해줘,gpt-4o-mini,503,649,1152,16.94,2026-05-10 10:03:00
51,개발팀,user_dev_12,테스트용으로 분류 모듈의 단위 테스트 코드를 만들어줘,gpt-4o-mini,520,1126,1646,25.16,2026-05-01 14:50:00
52,개발팀,user_dev_11,React에서 파일 업로드 기능을 구현하는 예시 코드를 작성해줘,gpt-4.1,519,959,1478,121.0,2026-05-07 13:22:00
53,개발팀,user_dev_08,에러율 데이터를 보고 증가/감소 원인과 개선 액션을 분석해줘,gpt-4o-mini,493,872,1365,20.57,2026-05-20 15:10:00
54,개발팀,user_dev_06,SQLAlchemy 관련 긴 문서를 임원 보고용으로 3문단 요약해줘,gpt-4o-mini,864,660,1524,21.46,2026-05-12 16:48:00
55,개발팀,user_dev_11,Django에서 점수 계산 기능을 구현하는 예시 코드를 작성해줘 참고용 가짜 연락처: 010-0000-0000,gpt-4o-mini,841,870,1711,24.71,2026-05-11 14:45:00
56,개발팀,user_dev_07,테스트용으로 마스킹 모듈의 단위 테스트 코드를 만들어줘,gpt-4.1-mini,480,1027,1507,26.85,2026-05-19 10:08:00
57,개발팀,user_dev_09,팀 내 공유용으로 FastAPI 관련 아이디어를 10개 제안해줘,gpt-4o-mini,271,470,741,11.15,2026-05-03 17:41:00
58,개발팀,user_dev_06,테스트용으로 마스킹 모듈의 단위 테스트 코드를 만들어줘,gpt-4o-mini,488,1113,1601,24.55,2026-05-20 11:20:00
59,개발팀,user_dev_03,성능 개선 스프린트 성과 데이터를 표로 요약하고 해석해줘,gpt-4o,526,662,1188,79.9,2026-05-16 17:29:00
60,개발팀,user_dev_09,RAG 용어의 의미와 예시를 간단히 정리해줘,gpt-4o-mini,156,339,495,7.57,2026-05-10 10:24:00
61,개발팀,user_dev_03,Azure OpenAI와 Azure AI Search의 차이를 비교해줘,gpt-4o-mini,154,447,601,9.36,2026-05-13 13:37:00
62,개발팀,user_dev_04,테스트용으로 점수 계산 모듈의 단위 테스트 코드를 만들어줘,gpt-4o-mini,429,863,1292,19.65,2026-05-01 16:20:00
63,개발팀,user_dev_12,CSV 업로드 API 응답을 파싱해서 필요한 필드만 추출하는 코드를 작성해줘,gpt-4.1,852,961,1813,142.83,2026-05-07 16:20:00
64,개발팀,user_dev_04,테스트용으로 분류 모듈의 단위 테스트 코드를 만들어줘 샘플 계약서의 위약금 조항과 해지 조건을 포함해줘,gpt-4o-mini,781,784,1565,22.54,2026-05-02 10:26:00
65,개발팀,user_dev_06,"사용량 통계 API 응답을 파싱해서 필요한 필드만 추출하는 코드를 작성해줘 가상 매출 100000000원, 비용 70000000원 기준으로 작성해줘",gpt-4o,903,1015,1918,127.82,2026-05-10 16:41:00
66,개발팀,user_dev_04,SQLAlchemy 관련 체크리스트를 만들어줘,gpt-4o-mini,224,350,574,8.57,2026-05-01 13:24:00
67,개발팀,user_dev_11,다음 에러 상황을 기준으로 원인과 수정 코드를 제안해줘: 500 Internal Server Error 테스트 문자열 API_KEY_SAMPLE_DO_NOT_USE_0000이 노출된 상황도 고려해줘,gpt-4o-mini,690,931,1621,23.92,2026-05-07 12:43:00
68,개발팀,user_dev_05,정책 문서의 핵심 내용을 5개 bullet로 요약해줘,gpt-4o-mini,526,499,1025,14.7,2026-05-24 09:25:00
69,개발팀,user_dev_06,Python으로 CSV 파일을 읽고 컬럼을 검증하는 함수를 만들어줘,gpt-4.1-mini,427,928,1355,24.17,2026-05-04 11:34:00
70,개발팀,user_dev_04,FastAPI에서 점수 계산 기능을 구현하는 예시 코드를 작성해줘 참고용 가짜 연락처: 010-0000-0000,gpt-4o-mini,519,1098,1617,24.67,2026-05-24 09:25:00
71,개발팀,user_dev_09,테스트용으로 점수 계산 모듈의 단위 테스트 코드를 만들어줘,gpt-4.1,809,892,1701,133.76,2026-05-11 15:26:00
72,개발팀,user_dev_10,CSV 업로드 API 응답을 파싱해서 필요한 필드만 추출하는 코드를 작성해줘,gpt-4o,745,1061,1806,122.67,2026-05-20 09:55:00
73,개발팀,user_dev_08,테스트용으로 마스킹 모듈의 단위 테스트 코드를 만들어줘,gpt-4o-mini,440,1319,1759,27.44,2026-05-04 16:48:00
74,개발팀,user_dev_03,2분기 매출과 비용 데이터를 기반으로 핵심 인사이트를 정리해줘,gpt-4o-mini,704,514,1218,17.08,2026-05-24 14:10:00
75,개발팀,user_dev_09,테스트용으로 마스킹 모듈의 단위 테스트 코드를 만들어줘,gpt-4o-mini,600,990,1590,23.83,2026-05-24 13:34:00
76,개발팀,user_dev_01,팀 내 공유용으로 비동기 처리 관련 아이디어를 10개 제안해줘,gpt-4o,180,283,463,31.69,2026-05-03 15:24:00
77,개발팀,user_dev_12,사용량 통계 API 응답을 파싱해서 필요한 필드만 추출하는 코드를 작성해줘,gpt-4o-mini,796,936,1732,25.28,2026-05-13 10:19:00
78,개발팀,user_dev_11,Node.js에서 로그 조회 기능을 구현하는 예시 코드를 작성해줘,gpt-4.1,432,1125,1557,130.46,2026-05-13 10:49:00
79,개발팀,user_dev_06,Azure OpenAI를 사용할 때 주의할 점을 알려줘,gpt-4o-mini,172,369,541,8.26,2026-05-18 10:38:00
80,개발팀,user_dev_12,RAG 용어의 의미와 예시를 간단히 정리해줘,gpt-4.1-mini,118,492,610,11.3,2026-05-21 16:38:00
81,개발팀,user_dev_06,SQLAlchemy 관련 체크리스트를 만들어줘,gpt-4.1-mini,247,334,581,10.0,2026-05-13 13:52:00
82,개발팀,user_dev_12,버그 수정 주간 성과 데이터를 표로 요약하고 해석해줘,gpt-4o-mini,412,667,1079,16.15,2026-05-14 17:02:00
83,개발팀,user_dev_03,성능 개선 스프린트 성과 데이터를 표로 요약하고 해석해줘,gpt-4o-mini,462,549,1011,14.77,2026-05-12 09:30:00
84,개발팀,user_dev_12,추천 후보 API 응답을 파싱해서 필요한 필드만 추출하는 코드를 작성해줘,gpt-4.1-mini,583,892,1475,25.65,2026-05-08 17:11:00
85,개발팀,user_dev_08,API Gateway 용어의 의미와 예시를 간단히 정리해줘 가상고객A와 가상고객B 사례를 포함해줘,gpt-4o-mini,437,393,830,11.85,2026-05-17 14:38:00
86,개발팀,user_dev_09,CSV 업로드 API 응답을 파싱해서 필요한 필드만 추출하는 코드를 작성해줘,gpt-4o-mini,480,1107,1587,24.36,2026-05-23 11:35:00
87,개발팀,user_dev_08,다음 에러 상황을 기준으로 원인과 수정 코드를 제안해줘: TypeError: NoneType object is not iterable 샘플 계약서의 위약금 조항과 해지 조건을 포함해줘,gpt-4o-mini,716,1245,1961,29.51,2026-05-19 16:35:00
88,개발팀,user_dev_04,FastAPI와 App Service의 차이를 비교해줘,gpt-4o-mini,128,275,403,6.16,2026-05-26 09:36:00
89,개발팀,user_dev_07,"다음 에러 상황을 기준으로 원인과 수정 코드를 제안해줘: 500 Internal Server Error 가상 매출 100000000원, 비용 70000000원 기준으로 작성해줘",gpt-4.1-mini,684,1055,1739,30.25,2026-05-17 13:44:00
90,개발팀,user_dev_01,에러율 지표를 바탕으로 월간 업무 보고서의 핵심 요약과 개선점을 작성해줘,gpt-4.1-mini,491,672,1163,20.05,2026-05-04 16:01:00
91,개발팀,user_dev_03,FastAPI에서 로그 조회 기능을 구현하는 예시 코드를 작성해줘,gpt-4.1-mini,775,1001,1776,30.47,2026-05-19 12:33:00
92,개발팀,user_dev_11,샘플 계약서의 핵심 내용을 5개 bullet로 요약해줘,gpt-4o-mini,788,462,1250,17.22,2026-05-24 11:58:00
93,개발팀,user_dev_04,사용량 통계 API 응답을 파싱해서 필요한 필드만 추출하는 코드를 작성해줘,gpt-4o-mini,467,1181,1648,25.44,2026-05-16 15:07:00
94,개발팀,user_dev_11,테스트용으로 추천 매칭 모듈의 단위 테스트 코드를 만들어줘,gpt-4.1-mini,497,1093,1590,28.38,2026-05-18 17:39:00
95,개발팀,user_dev_12,Python으로 CSV 파일을 읽고 컬럼을 검증하는 함수를 만들어줘,gpt-4.1-mini,776,1213,1989,34.64,2026-05-01 11:31:00
96,개발팀,user_dev_04,최근 4주 업무 내용을 경영진 보고용으로 간결하게 정리해줘 가상고객A와 가상고객B 사례를 포함해줘,gpt-4o-mini,576,983,1559,23.43,2026-05-24 17:00:00
97,개발팀,user_dev_08,Python으로 CSV 파일을 읽고 컬럼을 검증하는 함수를 만들어줘,gpt-4o-mini,752,1057,1809,26.78,2026-05-10 13:20:00
98,개발팀,user_dev_04,CSV 업로드 API 응답을 파싱해서 필요한 필드만 추출하는 코드를 작성해줘 가상의 인사평가 문구와 면접 피드백 예시를 포함해줘,gpt-4o,825,907,1732,115.21,2026-05-14 16:03:00
99,개발팀,user_dev_04,SQLAlchemy에 어울리는 회의 제목을 추천해줘,gpt-4o-mini,203,437,640,9.78,2026-05-05 10:09:00
100,개발팀,user_dev_03,CSV 업로드 API 응답을 파싱해서 필요한 필드만 추출하는 코드를 작성해줘,gpt-4o-mini,543,1353,1896,29.25,2026-05-01 15:54:00
101,고객지원팀,user_cs_07,가상고객A에게 보낼 후속 안내 메일을 작성해줘 테스트 문자열 API_KEY_SAMPLE_DO_NOT_USE_0000이 노출된 상황도 고려해줘,gpt-4o-mini,545,508,1053,15.07,2026-05-24 15:31:00
102,고객지원팀,user_cs_09,고객 문의를 바탕으로 상담사가 사용할 5문장 이내 답변을 만들어줘,gpt-4.1-mini,301,853,1154,20.93,2026-05-26 09:24:00
103,고객지원팀,user_cs_04,응답 시간 지표를 바탕으로 월간 업무 보고서의 핵심 요약과 개선점을 작성해줘,gpt-4o-mini,415,581,996,14.74,2026-05-19 15:22:00
104,고객지원팀,user_cs_06,이번 달 매출과 비용 데이터를 기반으로 핵심 인사이트를 정리해줘,gpt-4o-mini,702,629,1331,18.99,2026-05-02 09:09:00
105,고객지원팀,user_cs_05,"다음 회의록을 의사결정 사항, 담당자, 일정으로 나눠 요약해줘",gpt-4.1-mini,563,686,1249,21.33,2026-05-05 11:46:00
106,고객지원팀,user_cs_12,샘플고객B에게 보낼 후속 안내 메일을 작성해줘 샘플 계약서의 위약금 조항과 해지 조건을 포함해줘,gpt-4o-mini,453,553,1006,14.73,2026-05-01 09:24:00
107,고객지원팀,user_cs_02,고객 문의를 바탕으로 상담사가 사용할 5문장 이내 답변을 만들어줘,gpt-4o-mini,440,632,1072,15.9,2026-05-11 16:45:00
108,고객지원팀,user_cs_10,배송/결제 관련 불만 고객에게 보낼 공감형 안내 문구를 작성해줘,gpt-4o-mini,273,667,940,14.48,2026-05-16 12:06:00
109,고객지원팀,user_cs_12,배송/결제 관련 불만 고객에게 보낼 공감형 안내 문구를 작성해줘,gpt-4o,265,496,761,52.77,2026-05-22 10:05:00
110,고객지원팀,user_cs_11,첨부 문서의 주요 쟁점과 후속 조치 사항을 정리해줘,gpt-4.1,232,711,943,79.78,2026-05-05 13:20:00
111,고객지원팀,user_cs_07,FAQ 구조의 개념을 비전공자도 이해할 수 있게 설명해줘,gpt-4o-mini,156,367,523,8.04,2026-05-05 15:02:00
112,고객지원팀,user_cs_12,테스트 플랜 이용 중 발생한 문제에 대한 FAQ 답변을 작성해줘,gpt-4o-mini,329,708,1037,15.84,2026-05-16 17:55:00
113,고객지원팀,user_cs_06,샘플고객B 고객의 결제 오류 문의에 대해 정중한 답변을 작성해줘,gpt-4.1-mini,311,538,849,14.9,2026-05-16 16:11:00
114,고객지원팀,user_cs_10,다음 주 회의 아젠다를 구성해줘 가상고객A와 가상고객B 사례를 포함해줘,gpt-4.1-mini,378,413,791,13.39,2026-05-26 13:45:00
115,고객지원팀,user_cs_03,상담 스크립트 개선에 사용할 간단한 공지 문구를 작성해줘,gpt-4.1-mini,274,375,649,11.19,2026-05-17 12:57:00
116,고객지원팀,user_cs_05,데모고객D에게 보낼 후속 안내 메일을 작성해줘,gpt-4o-mini,328,551,879,13.19,2026-05-24 17:48:00
117,고객지원팀,user_cs_04,토큰 용어의 의미와 예시를 간단히 정리해줘,gpt-4o-mini,193,328,521,7.83,2026-05-11 15:36:00
118,고객지원팀,user_cs_09,환불 정책 관련 체크리스트를 만들어줘,gpt-4o-mini,176,360,536,8.16,2026-05-07 14:00:00
119,고객지원팀,user_cs_06,Azure SQL와 Azure AI Search의 차이를 비교해줘,gpt-4.1,133,489,622,53.14,2026-05-25 12:10:00
120,고객지원팀,user_cs_04,부서별 사용량 데이터를 보고 이상치와 반복 패턴을 찾아줘,gpt-4o-mini,536,996,1532,23.16,2026-05-23 09:19:00
121,고객지원팀,user_cs_01,가상고객A 고객의 배송 지연 문의에 대해 정중한 답변을 작성해줘,gpt-4o-mini,433,481,914,13.28,2026-05-22 10:58:00
122,고객지원팀,user_cs_06,데모고객D에게 보낼 후속 안내 메일을 작성해줘 참고용 가짜 이메일: demo.user@example.invalid,gpt-4o-mini,525,634,1159,16.95,2026-05-15 13:56:00
123,고객지원팀,user_cs_12,재문의율 지표를 바탕으로 월간 업무 보고서의 핵심 요약과 개선점을 작성해줘,gpt-4.1-mini,252,631,883,15.9,2026-05-05 16:58:00
124,고객지원팀,user_cs_08,고객 문의를 바탕으로 상담사가 사용할 5문장 이내 답변을 만들어줘,gpt-4o,317,489,806,55.09,2026-05-11 12:21:00
125,고객지원팀,user_cs_05,팀 내 공유용으로 고객 불만 응대 관련 아이디어를 10개 제안해줘 참고용 가짜 이메일: demo.user@example.invalid,gpt-4o,518,211,729,44.74,2026-05-17 17:13:00
126,고객지원팀,user_cs_02,샘플 계약서에서 위험 조항과 확인 필요 항목만 추려줘 가상고객A와 가상고객B 사례를 포함해줘,gpt-4o-mini,1064,393,1457,19.37,2026-05-09 12:12:00
127,고객지원팀,user_cs_06,고객 문의를 바탕으로 상담사가 사용할 5문장 이내 답변을 만들어줘,gpt-4o-mini,250,401,651,9.74,2026-05-17 15:26:00
128,고객지원팀,user_cs_09,환불 정책에 어울리는 회의 제목을 추천해줘,gpt-4.1-mini,217,282,499,8.57,2026-05-16 15:43:00
129,고객지원팀,user_cs_04,2분기 업무 내용을 경영진 보고용으로 간결하게 정리해줘,gpt-4o-mini,472,644,1116,16.48,2026-05-24 17:24:00
130,고객지원팀,user_cs_05,가상 구독 상품 이용 중 발생한 문제에 대한 FAQ 답변을 작성해줘,gpt-4o-mini,351,541,892,13.3,2026-05-05 11:37:00
131,고객지원팀,user_cs_05,환불 정책의 개념을 비전공자도 이해할 수 있게 설명해줘,gpt-4o,161,304,465,32.26,2026-05-07 17:30:00
132,고객지원팀,user_cs_09,팀 내 공유용으로 환불 정책 관련 아이디어를 10개 제안해줘,gpt-4.1,305,602,907,74.61,2026-05-18 09:40:00
133,고객지원팀,user_cs_11,배송/결제 관련 불만 고객에게 보낼 공감형 안내 문구를 작성해줘,gpt-4.1-mini,288,527,815,14.36,2026-05-04 17:00:00
134,고객지원팀,user_cs_12,첨부 문서의 주요 쟁점과 후속 조치 사항을 정리해줘,gpt-4.1-mini,656,783,1439,24.53,2026-05-21 14:00:00
135,고객지원팀,user_cs_09,첨부 문서의 주요 쟁점과 후속 조치 사항을 정리해줘,gpt-4o,990,351,1341,81.48,2026-05-15 17:04:00
136,고객지원팀,user_cs_06,샘플고객B 고객의 배송 지연 문의에 대해 정중한 답변을 작성해줘,gpt-4.1-mini,338,503,841,14.59,2026-05-08 12:45:00
137,고객지원팀,user_cs_07,운영팀에게 공유할 환불 정책 결과 보고서를 1페이지 분량으로 작성해줘 참고용 가짜 이메일: demo.user@example.invalid,gpt-4o,504,621,1125,75.54,2026-05-25 12:58:00
138,고객지원팀,user_cs_08,샘플 서비스 이용 중 발생한 문제에 대한 FAQ 답변을 작성해줘,gpt-4.1-mini,405,485,890,15.18,2026-05-12 09:14:00
139,고객지원팀,user_cs_09,"문의 유형 분석 진행 상황을 배경, 주요 성과, 이슈, 다음 계획으로 나눠 보고서 초안을 작성해줘",gpt-4o-mini,289,584,873,13.28,2026-05-09 15:58:00
140,고객지원팀,user_cs_04,고객 문의를 바탕으로 상담사가 사용할 5문장 이내 답변을 만들어줘,gpt-4.1-mini,225,533,758,13.6,2026-05-19 11:41:00
141,고객지원팀,user_cs_10,FAQ 구조의 개념을 비전공자도 이해할 수 있게 설명해줘 가상의 인사평가 문구와 면접 피드백 예시를 포함해줘,gpt-4o-mini,326,231,557,7.79,2026-05-22 17:16:00
142,고객지원팀,user_cs_07,가상 구독 상품 이용 중 발생한 문제에 대한 FAQ 답변을 작성해줘 참고용 가짜 이메일: demo.user@example.invalid,gpt-4o,527,371,898,57.55,2026-05-12 09:44:00
143,고객지원팀,user_cs_07,"다음 회의록을 의사결정 사항, 담당자, 일정으로 나눠 요약해줘 샘플 계약서의 위약금 조항과 해지 조건을 포함해줘",gpt-4.1-mini,815,657,1472,24.29,2026-05-21 13:16:00
144,고객지원팀,user_cs_09,고객 불만 응대 관련 체크리스트를 만들어줘,gpt-4o-mini,110,353,463,7.25,2026-05-20 09:10:00
145,고객지원팀,user_cs_10,샘플고객B 고객의 서비스 해지 문의 문의에 대해 정중한 답변을 작성해줘,gpt-4o,256,512,768,53.5,2026-05-17 17:44:00
146,고객지원팀,user_cs_07,배송/결제 관련 불만 고객에게 보낼 공감형 안내 문구를 작성해줘,gpt-4o-mini,265,477,742,11.19,2026-05-19 09:16:00
147,고객지원팀,user_cs_07,데모고객D에게 보낼 후속 안내 메일을 작성해줘,gpt-4o-mini,264,342,606,8.91,2026-05-12 17:34:00
148,고객지원팀,user_cs_02,테스트 플랜 이용 중 발생한 문제에 대한 FAQ 답변을 작성해줘 샘플 계약서의 위약금 조항과 해지 조건을 포함해줘,gpt-4o,438,436,874,57.66,2026-05-03 16:39:00
149,고객지원팀,user_cs_06,샘플고객B에게 보낼 후속 안내 메일을 작성해줘,gpt-4o-mini,358,606,964,14.48,2026-05-23 09:00:00
150,고객지원팀,user_cs_04,시장 조사 문서에서 위험 조항과 확인 필요 항목만 추려줘,gpt-4o-mini,908,667,1575,22.1,2026-05-04 13:51:00
151,인사팀,user_hr_06,신입사원에게 공유할 채용공고 결과 보고서를 1페이지 분량으로 작성해줘,gpt-4o-mini,317,714,1031,15.8,2026-05-09 14:23:00
152,인사팀,user_hr_03,테스트 플랜 이용 중 발생한 문제에 대한 FAQ 답변을 작성해줘,gpt-4o-mini,314,487,801,11.95,2026-05-11 12:20:00
153,인사팀,user_hr_02,채용공고 관련 긴 문서를 임원 보고용으로 3문단 요약해줘,gpt-4o-mini,532,674,1206,17.71,2026-05-04 13:39:00
154,인사팀,user_hr_09,HR 리더에게 공유할 사내 교육 결과 보고서를 1페이지 분량으로 작성해줘,gpt-4.1-mini,309,684,993,17.73,2026-05-21 17:19:00
155,인사팀,user_hr_06,부서별 사용량 데이터를 보고 이상치와 반복 패턴을 찾아줘 가상의 인사평가 문구와 면접 피드백 예시를 포함해줘,gpt-4.1-mini,586,604,1190,20.04,2026-05-07 15:56:00
156,인사팀,user_hr_03,고객 문의를 바탕으로 상담사가 사용할 5문장 이내 답변을 만들어줘,gpt-4.1-mini,242,524,766,13.66,2026-05-02 17:01:00
157,인사팀,user_hr_02,2분기 조직문화 성과를 팀장 보고용 보고서 형식으로 정리해줘,gpt-4.1,515,951,1466,120.02,2026-05-18 16:11:00
158,인사팀,user_hr_04,지원자 수 지표를 바탕으로 월간 업무 보고서의 핵심 요약과 개선점을 작성해줘,gpt-4o-mini,377,1092,1469,22.87,2026-05-12 09:55:00
159,인사팀,user_hr_08,데모고객D 고객의 결제 오류 문의에 대해 정중한 답변을 작성해줘 테스트 문자열 API_KEY_SAMPLE_DO_NOT_USE_0000이 노출된 상황도 고려해줘,gpt-4.1-mini,376,344,720,12.01,2026-05-08 14:35:00
160,인사팀,user_hr_08,임베딩 용어의 의미와 예시를 간단히 정리해줘,gpt-4o-mini,200,278,478,7.07,2026-05-01 17:24:00
161,인사팀,user_hr_10,채용공고의 개념을 비전공자도 이해할 수 있게 설명해줘,gpt-4o-mini,162,363,525,8.04,2026-05-21 15:42:00
162,인사팀,user_hr_12,"첨부 문서의 주요 쟁점과 후속 조치 사항을 정리해줘 가상 매출 100000000원, 비용 70000000원 기준으로 작성해줘",gpt-4o-mini,908,692,1600,22.52,2026-05-08 17:24:00
163,인사팀,user_hr_04,이번 달 업무 내용을 경영진 보고용으로 간결하게 정리해줘,gpt-4.1-mini,296,712,1008,18.1,2026-05-13 17:59:00
164,인사팀,user_hr_04,RAG 용어의 의미와 예시를 간단히 정리해줘 테스트 문자열 API_KEY_SAMPLE_DO_NOT_USE_0000이 노출된 상황도 고려해줘,gpt-4o-mini,315,510,825,12.35,2026-05-09 13:05:00
165,인사팀,user_hr_09,테스트고객C에게 보낼 후속 안내 메일을 작성해줘,gpt-4o-mini,293,548,841,12.72,2026-05-19 11:20:00
166,인사팀,user_hr_04,"다음 회의록을 의사결정 사항, 담당자, 일정으로 나눠 요약해줘",gpt-4.1-mini,774,432,1206,19.3,2026-05-16 15:41:00
167,인사팀,user_hr_08,가상고객A에게 보낼 후속 안내 메일을 작성해줘,gpt-4o-mini,488,513,1001,14.47,2026-05-02 12:12:00
168,인사팀,user_hr_01,FastAPI를 사용할 때 주의할 점을 알려줘,gpt-4.1-mini,218,446,664,11.79,2026-05-13 17:02:00
169,인사팀,user_hr_08,2분기 교육 프로그램 성과를 팀장 보고용 보고서 형식으로 정리해줘,gpt-4o-mini,418,1034,1452,22.39,2026-05-18 09:02:00
170,인사팀,user_hr_11,2분기 업무 내용을 경영진 보고용으로 간결하게 정리해줘,gpt-4.1-mini,449,937,1386,24.65,2026-05-20 12:26:00
171,인사팀,user_hr_07,"신입 채용 진행 상황을 배경, 주요 성과, 이슈, 다음 계획으로 나눠 보고서 초안을 작성해줘 가상고객A와 가상고객B 사례를 포함해줘",gpt-4.1-mini,581,501,1082,17.95,2026-05-10 16:47:00
172,인사팀,user_hr_01,온보딩 개선에 사용할 간단한 공지 문구를 작성해줘,gpt-4o-mini,262,461,723,10.89,2026-05-14 09:59:00
173,인사팀,user_hr_09,정책 문서에서 위험 조항과 확인 필요 항목만 추려줘 샘플 법무 검토 의견과 소송 가능성 문구를 포함해줘,gpt-4o,1506,657,2163,133.42,2026-05-13 09:35:00
174,인사팀,user_hr_08,샘플 계약서의 핵심 내용을 5개 bullet로 요약해줘,gpt-4o-mini,987,694,1681,23.5,2026-05-03 13:20:00
175,인사팀,user_hr_01,Azure SQL를 사용할 때 주의할 점을 알려줘 샘플 법무 검토 의견과 소송 가능성 문구를 포함해줘,gpt-4o-mini,346,499,845,12.54,2026-05-20 13:00:00
176,인사팀,user_hr_01,샘플 계약서에서 위험 조항과 확인 필요 항목만 추려줘 참고용 가짜 이메일: demo.user@example.invalid,gpt-4.1-mini,935,479,1414,22.48,2026-05-04 15:11:00
177,인사팀,user_hr_10,지원자 수 지표를 바탕으로 월간 업무 보고서의 핵심 요약과 개선점을 작성해줘,gpt-4o-mini,387,906,1293,19.86,2026-05-24 17:05:00
178,인사팀,user_hr_11,첨부 문서의 주요 쟁점과 후속 조치 사항을 정리해줘,gpt-4o-mini,652,684,1336,19.32,2026-05-07 09:40:00
179,인사팀,user_hr_12,교육 만족도 지표를 바탕으로 월간 업무 보고서의 핵심 요약과 개선점을 작성해줘 샘플 법무 검토 의견과 소송 가능성 문구를 포함해줘,gpt-4o,491,814,1305,89.68,2026-05-02 17:19:00
180,인사팀,user_hr_05,테스트 플랜 이용 중 발생한 문제에 대한 FAQ 답변을 작성해줘,gpt-4o-mini,305,633,938,14.29,2026-05-07 17:19:00
181,인사팀,user_hr_10,입사 초기 이탈률 지표를 바탕으로 월간 업무 보고서의 핵심 요약과 개선점을 작성해줘,gpt-4o-mini,370,897,1267,19.51,2026-05-03 14:29:00
182,인사팀,user_hr_05,교육 만족도 데이터를 보고 증가/감소 원인과 개선 액션을 분석해줘,gpt-4o-mini,502,1120,1622,24.84,2026-05-19 12:10:00
183,인사팀,user_hr_08,2분기 업무 내용을 경영진 보고용으로 간결하게 정리해줘,gpt-4.1-mini,546,1032,1578,27.87,2026-05-19 11:05:00
184,인사팀,user_hr_10,부서별 사용량 데이터를 보고 이상치와 반복 패턴을 찾아줘,gpt-4o,517,897,1414,97.5,2026-05-05 17:06:00
185,인사팀,user_hr_08,정책 문서의 핵심 내용을 5개 bullet로 요약해줘,gpt-4o-mini,958,498,1456,19.86,2026-05-04 16:20:00
186,인사팀,user_hr_12,고객 문의를 바탕으로 상담사가 사용할 5문장 이내 답변을 만들어줘 테스트 문자열 API_KEY_SAMPLE_DO_NOT_USE_0000이 노출된 상황도 고려해줘,gpt-4o-mini,518,369,887,12.42,2026-05-12 10:37:00
187,인사팀,user_hr_07,상반기 업무 내용을 경영진 보고용으로 간결하게 정리해줘 가상고객A와 가상고객B 사례를 포함해줘,gpt-4o-mini,583,1005,1588,23.88,2026-05-05 13:55:00
188,인사팀,user_hr_12,FastAPI를 사용할 때 주의할 점을 알려줘,gpt-4o-mini,115,361,476,7.44,2026-05-17 13:26:00
189,인사팀,user_hr_06,사내 교육 관련 교육 자료 목차를 작성해줘,gpt-4.1-mini,233,445,678,11.98,2026-05-18 09:30:00
190,인사팀,user_hr_05,샘플 계약서에서 위험 조항과 확인 필요 항목만 추려줘 참고용 가짜 연락처: 010-0000-0000,gpt-4o,895,618,1513,96.81,2026-05-09 09:47:00
191,인사팀,user_hr_11,"사내 교육 진행 상황을 배경, 주요 성과, 이슈, 다음 계획으로 나눠 보고서 초안을 작성해줘",gpt-4o-mini,372,694,1066,16.12,2026-05-09 10:03:00
192,인사팀,user_hr_02,HR 리더에게 공유할 채용공고 결과 보고서를 1페이지 분량으로 작성해줘,gpt-4.1-mini,370,983,1353,24.45,2026-05-09 15:29:00
193,인사팀,user_hr_04,Azure OpenAI를 사용할 때 주의할 점을 알려줘,gpt-4o-mini,110,274,384,5.92,2026-05-20 10:45:00
194,인사팀,user_hr_08,팀 내 공유용으로 채용공고 관련 아이디어를 10개 제안해줘,gpt-4o-mini,279,401,680,10.08,2026-05-03 16:59:00
195,인사팀,user_hr_10,HR 리더에게 공유할 사내 교육 결과 보고서를 1페이지 분량으로 작성해줘,gpt-4o-mini,324,499,823,12.27,2026-05-01 17:45:00
196,인사팀,user_hr_04,다음 주 회의 아젠다를 구성해줘,gpt-4o-mini,290,440,730,10.87,2026-05-10 15:57:00
197,인사팀,user_hr_09,지원자 수 지표를 바탕으로 월간 업무 보고서의 핵심 요약과 개선점을 작성해줘 참고용 가짜 연락처: 010-0000-0000,gpt-4o-mini,575,679,1254,18.31,2026-05-05 12:59:00
198,인사팀,user_hr_11,"신입 채용 진행 상황을 배경, 주요 성과, 이슈, 다음 계획으로 나눠 보고서 초안을 작성해줘",gpt-4o-mini,469,403,872,12.4,2026-05-13 14:07:00
199,인사팀,user_hr_08,채용공고 관련 교육 자료 목차를 작성해줘,gpt-4.1-mini,217,454,671,11.94,2026-05-03 09:00:00
200,인사팀,user_hr_06,최근 4주 조직문화 성과를 팀장 보고용 보고서 형식으로 정리해줘 샘플 계약서의 위약금 조항과 해지 조건을 포함해줘,gpt-4o-mini,846,810,1656,23.76,2026-05-25 17:32:00
201,법무팀,user_legal_08,"다음 회의록을 의사결정 사항, 담당자, 일정으로 나눠 요약해줘",gpt-4o,891,735,1626,105.6,2026-05-17 10:04:00
202,법무팀,user_legal_11,부서별 사용량 데이터를 보고 이상치와 반복 패턴을 찾아줘 샘플 계약서의 위약금 조항과 해지 조건을 포함해줘,gpt-4o-mini,620,813,1433,21.1,2026-05-12 13:12:00
203,법무팀,user_legal_04,회의록의 핵심 내용을 5개 bullet로 요약해줘,gpt-4o-mini,936,570,1506,20.81,2026-05-08 14:27:00
204,법무팀,user_legal_05,"이번 달 업무 내용을 경영진 보고용으로 간결하게 정리해줘 가상 매출 100000000원, 비용 70000000원 기준으로 작성해줘",gpt-4o-mini,645,849,1494,22.0,2026-05-06 16:54:00
205,법무팀,user_legal_06,이번 주 업무 내용을 경영진 보고용으로 간결하게 정리해줘 테스트 문자열 API_KEY_SAMPLE_DO_NOT_USE_0000이 노출된 상황도 고려해줘,gpt-4.1-mini,821,988,1809,30.86,2026-05-02 10:24:00
206,법무팀,user_legal_12,첨부 문서의 주요 쟁점과 후속 조치 사항을 정리해줘 테스트 문자열 API_KEY_SAMPLE_DO_NOT_USE_0000이 노출된 상황도 고려해줘,gpt-4o-mini,645,558,1203,17.11,2026-05-18 17:57:00
207,법무팀,user_legal_07,첨부 문서의 주요 쟁점과 후속 조치 사항을 정리해줘,gpt-4.1-mini,932,507,1439,22.99,2026-05-15 09:18:00
208,법무팀,user_legal_05,시장 조사 문서의 핵심 내용을 5개 bullet로 요약해줘,gpt-4o-mini,994,478,1472,19.96,2026-05-06 11:53:00
209,법무팀,user_legal_08,Azure OpenAI를 사용할 때 주의할 점을 알려줘,gpt-4o-mini,157,360,517,7.93,2026-05-11 11:00:00
210,법무팀,user_legal_05,개인정보 보호 관련 교육 자료 목차를 작성해줘,gpt-4o-mini,261,516,777,11.8,2026-05-07 09:05:00
211,법무팀,user_legal_05,사업팀에게 공유할 개인정보 보호 결과 보고서를 1페이지 분량으로 작성해줘,gpt-4o-mini,530,835,1365,20.39,2026-05-06 15:46:00
212,법무팀,user_legal_10,최근 4주 매출과 비용 데이터를 기반으로 핵심 인사이트를 정리해줘 가상의 인사평가 문구와 면접 피드백 예시를 포함해줘,gpt-4o-mini,476,776,1252,18.75,2026-05-10 16:35:00
213,법무팀,user_legal_12,Azure SQL를 사용할 때 주의할 점을 알려줘,gpt-4o-mini,177,469,646,10.0,2026-05-04 14:32:00
214,법무팀,user_legal_06,법무 검토의 개념을 비전공자도 이해할 수 있게 설명해줘 샘플 법무 검토 의견과 소송 가능성 문구를 포함해줘,gpt-4o-mini,453,427,880,12.61,2026-05-11 13:17:00
215,법무팀,user_legal_08,임베딩 용어의 의미와 예시를 간단히 정리해줘,gpt-4o-mini,217,211,428,6.15,2026-05-12 13:44:00
216,법무팀,user_legal_09,시장 조사 문서에서 위험 조항과 확인 필요 항목만 추려줘,gpt-4o-mini,991,684,1675,23.38,2026-05-19 09:30:00
217,법무팀,user_legal_04,법무 검토 관련 긴 문서를 임원 보고용으로 3문단 요약해줘,gpt-4o-mini,735,551,1286,18.08,2026-05-23 12:18:00
218,법무팀,user_legal_08,첨부 문서의 주요 쟁점과 후속 조치 사항을 정리해줘 테스트 문자열 API_KEY_SAMPLE_DO_NOT_USE_0000이 노출된 상황도 고려해줘,gpt-4.1-mini,877,548,1425,23.02,2026-05-04 15:18:00
219,법무팀,user_legal_03,계약 처리 시간 지표를 바탕으로 월간 업무 보고서의 핵심 요약과 개선점을 작성해줘,gpt-4.1-mini,516,810,1326,23.1,2026-05-03 14:12:00
220,법무팀,user_legal_02,첨부 문서의 주요 쟁점과 후속 조치 사항을 정리해줘,gpt-4o-mini,804,581,1385,19.41,2026-05-16 09:11:00
221,법무팀,user_legal_05,개인정보 보호 관련 긴 문서를 임원 보고용으로 3문단 요약해줘,gpt-4o-mini,449,482,931,13.49,2026-05-23 11:31:00
222,법무팀,user_legal_06,검토 건수 지표를 바탕으로 월간 업무 보고서의 핵심 요약과 개선점을 작성해줘,gpt-4.1-mini,553,910,1463,25.58,2026-05-13 10:27:00
223,법무팀,user_legal_06,개인정보 보호 관련 긴 문서를 임원 보고용으로 3문단 요약해줘 샘플 법무 검토 의견과 소송 가능성 문구를 포함해줘,gpt-4o-mini,1101,550,1651,22.45,2026-05-19 10:51:00
224,법무팀,user_legal_09,"약관 업데이트 진행 상황을 배경, 주요 성과, 이슈, 다음 계획으로 나눠 보고서 초안을 작성해줘",gpt-4o-mini,363,904,1267,19.54,2026-05-16 15:13:00
225,법무팀,user_legal_03,샘플 계약서의 핵심 내용을 5개 bullet로 요약해줘,gpt-4o-mini,957,678,1635,22.87,2026-05-24 13:54:00
226,법무팀,user_legal_05,위험 조항 수 지표를 바탕으로 월간 업무 보고서의 핵심 요약과 개선점을 작성해줘,gpt-4o-mini,404,927,1331,20.42,2026-05-26 13:42:00
227,법무팀,user_legal_06,상반기 계약 검토 성과를 팀장 보고용 보고서 형식으로 정리해줘,gpt-4o-mini,488,1064,1552,23.73,2026-05-19 15:51:00
228,법무팀,user_legal_05,배송/결제 관련 불만 고객에게 보낼 공감형 안내 문구를 작성해줘,gpt-4o,231,645,876,62.37,2026-05-01 09:53:00
229,법무팀,user_legal_08,개인정보 보호의 개념을 비전공자도 이해할 수 있게 설명해줘,gpt-4o-mini,229,260,489,7.12,2026-05-16 15:59:00
230,법무팀,user_legal_10,부서별 사용량 데이터를 보고 이상치와 반복 패턴을 찾아줘 샘플 계약서의 위약금 조항과 해지 조건을 포함해줘,gpt-4.1-mini,671,541,1212,20.0,2026-05-22 15:50:00
231,법무팀,user_legal_07,다음 주 회의 아젠다를 구성해줘,gpt-4o-mini,230,371,601,8.99,2026-05-20 15:38:00
232,법무팀,user_legal_01,회의록의 핵심 내용을 5개 bullet로 요약해줘,gpt-4o-mini,885,739,1624,23.04,2026-05-10 13:15:00
233,법무팀,user_legal_01,GitHub Actions를 사용할 때 주의할 점을 알려줘,gpt-4.1,126,290,416,34.58,2026-05-01 13:32:00
234,법무팀,user_legal_05,API Gateway 용어의 의미와 예시를 간단히 정리해줘,gpt-4o,178,195,373,24.8,2026-05-09 13:33:00
235,법무팀,user_legal_12,"다음 회의록을 의사결정 사항, 담당자, 일정으로 나눠 요약해줘",gpt-4o-mini,681,574,1255,17.82,2026-05-05 10:22:00
236,법무팀,user_legal_10,계약서 조항 관련 긴 문서를 임원 보고용으로 3문단 요약해줘 샘플 법무 검토 의견과 소송 가능성 문구를 포함해줘,gpt-4o,808,456,1264,79.55,2026-05-22 09:21:00
237,법무팀,user_legal_05,계약서 조항 관련 교육 자료 목차를 작성해줘,gpt-4o-mini,351,297,648,9.2,2026-05-16 15:47:00
238,법무팀,user_legal_08,가상 구독 상품 이용 중 발생한 문제에 대한 FAQ 답변을 작성해줘 테스트 문자열 API_KEY_SAMPLE_DO_NOT_USE_0000이 노출된 상황도 고려해줘,gpt-4.1,376,385,761,59.48,2026-05-17 17:05:00
239,법무팀,user_legal_03,샘플 계약서에서 위험 조항과 확인 필요 항목만 추려줘 참고용 가짜 연락처: 010-0000-0000,gpt-4.1-mini,1231,578,1809,28.56,2026-05-26 11:53:00
240,법무팀,user_legal_12,샘플 계약서의 핵심 내용을 5개 bullet로 요약해줘,gpt-4.1-mini,1288,346,1634,24.81,2026-05-16 13:39:00
241,법무팀,user_legal_12,샘플고객B에게 보낼 후속 안내 메일을 작성해줘 샘플 법무 검토 의견과 소송 가능성 문구를 포함해줘,gpt-4o-mini,390,544,934,13.82,2026-05-23 16:31:00
242,법무팀,user_legal_02,경영진에게 공유할 법무 검토 결과 보고서를 1페이지 분량으로 작성해줘,gpt-4o-mini,315,919,1234,19.22,2026-05-09 15:56:00
243,법무팀,user_legal_03,경영진에게 공유할 법무 검토 결과 보고서를 1페이지 분량으로 작성해줘,gpt-4.1-mini,365,548,913,15.85,2026-05-20 12:18:00
244,법무팀,user_legal_04,계약서 조항의 개념을 비전공자도 이해할 수 있게 설명해줘 참고용 가짜 연락처: 010-0000-0000,gpt-4o-mini,424,393,817,11.69,2026-05-16 13:21:00
245,법무팀,user_legal_02,가상고객A 고객의 배송 지연 문의에 대해 정중한 답변을 작성해줘,gpt-4o,450,601,1051,71.03,2026-05-07 16:26:00
246,법무팀,user_legal_02,테스트고객C 고객의 환불 요청 문의에 대해 정중한 답변을 작성해줘,gpt-4.1-mini,283,397,680,11.74,2026-05-03 14:20:00
247,법무팀,user_legal_11,"다음 회의록을 의사결정 사항, 담당자, 일정으로 나눠 요약해줘",gpt-4o-mini,616,596,1212,17.4,2026-05-13 12:56:00
248,법무팀,user_legal_08,샘플 계약서의 핵심 내용을 5개 bullet로 요약해줘 샘플 계약서의 위약금 조항과 해지 조건을 포함해줘,gpt-4o-mini,1102,608,1710,23.44,2026-05-10 09:29:00
249,법무팀,user_legal_11,"다음 회의록을 의사결정 사항, 담당자, 일정으로 나눠 요약해줘",gpt-4o-mini,774,604,1378,19.44,2026-05-17 15:37:00
250,법무팀,user_legal_09,경영진에게 공유할 계약서 조항 결과 보고서를 1페이지 분량으로 작성해줘,gpt-4o-mini,548,1002,1550,23.41,2026-05-05 10:23:00
251,기획팀,user_plan_08,기능 채택률 지표를 바탕으로 월간 업무 보고서의 핵심 요약과 개선점을 작성해줘,gpt-4o-mini,498,676,1174,17.33,2026-05-24 11:48:00
252,기획팀,user_plan_09,개발팀에게 공유할 경쟁사 분석 결과 보고서를 1페이지 분량으로 작성해줘,gpt-4.1-mini,559,1065,1624,28.7,2026-05-19 09:36:00
253,기획팀,user_plan_03,부서별 사용량 데이터를 보고 이상치와 반복 패턴을 찾아줘,gpt-4o-mini,580,805,1385,20.48,2026-05-10 11:11:00
254,기획팀,user_plan_09,이번 달 사업 전략 성과를 팀장 보고용 보고서 형식으로 정리해줘,gpt-4o-mini,388,1051,1439,22.31,2026-05-13 10:17:00
255,기획팀,user_plan_09,개발팀에게 공유할 시장 조사 결과 보고서를 1페이지 분량으로 작성해줘,gpt-4o-mini,386,1269,1655,25.95,2026-05-15 09:00:00
256,기획팀,user_plan_06,Azure OpenAI와 Blob Storage의 차이를 비교해줘,gpt-4o-mini,130,400,530,8.28,2026-05-22 14:40:00
257,기획팀,user_plan_11,개발팀에게 공유할 서비스 로드맵 결과 보고서를 1페이지 분량으로 작성해줘 참고용 가짜 연락처: 010-0000-0000,gpt-4o-mini,693,654,1347,19.3,2026-05-04 14:52:00
258,기획팀,user_plan_12,MAU 지표를 기준으로 다음 달 예상 리스크를 설명해줘,gpt-4.1,674,800,1474,116.61,2026-05-23 12:00:00
259,기획팀,user_plan_11,개발팀에게 공유할 경쟁사 분석 결과 보고서를 1페이지 분량으로 작성해줘,gpt-4o-mini,490,757,1247,18.6,2026-05-02 14:27:00
260,기획팀,user_plan_05,시장 조사 관련 체크리스트를 만들어줘,gpt-4o-mini,180,403,583,8.93,2026-05-03 10:01:00
261,기획팀,user_plan_08,사용자 증가율 데이터를 보고 증가/감소 원인과 개선 액션을 분석해줘,gpt-4o,596,791,1387,93.69,2026-05-02 13:39:00
262,기획팀,user_plan_02,정책 문서의 핵심 내용을 5개 bullet로 요약해줘,gpt-4o-mini,939,650,1589,22.19,2026-05-19 12:57:00
263,기획팀,user_plan_11,기능 사용률 지표를 기준으로 다음 달 예상 리스크를 설명해줘,gpt-4o-mini,680,725,1405,20.34,2026-05-22 11:03:00
264,기획팀,user_plan_04,이번 주 업무 내용을 경영진 보고용으로 간결하게 정리해줘 참고용 가짜 이메일: demo.user@example.invalid,gpt-4.1-mini,481,671,1152,19.89,2026-05-16 14:51:00
265,기획팀,user_plan_03,"다음 회의록을 의사결정 사항, 담당자, 일정으로 나눠 요약해줘",gpt-4.1-mini,646,680,1326,22.37,2026-05-07 09:11:00
266,기획팀,user_plan_01,시장 조사의 개념을 비전공자도 이해할 수 있게 설명해줘,gpt-4o-mini,209,352,561,8.42,2026-05-25 12:54:00
267,기획팀,user_plan_11,2분기 매출과 비용 데이터를 기반으로 핵심 인사이트를 정리해줘,gpt-4o-mini,621,654,1275,18.44,2026-05-02 12:14:00
268,기획팀,user_plan_05,서비스 로드맵 관련 체크리스트를 만들어줘,gpt-4o-mini,148,422,570,8.87,2026-05-13 09:11:00
269,기획팀,user_plan_12,사용자 리서치 성과 데이터를 표로 요약하고 해석해줘,gpt-4.1,738,757,1495,116.86,2026-05-18 13:00:00
270,기획팀,user_plan_03,서비스 로드맵 관련 긴 문서를 임원 보고용으로 3문단 요약해줘,gpt-4o,849,571,1420,90.66,2026-05-10 09:31:00
271,기획팀,user_plan_09,API Gateway 용어의 의미와 예시를 간단히 정리해줘 샘플 법무 검토 의견과 소송 가능성 문구를 포함해줘,gpt-4.1-mini,423,401,824,13.78,2026-05-06 09:52:00
272,기획팀,user_plan_04,정책 문서에서 위험 조항과 확인 필요 항목만 추려줘,gpt-4o-mini,1138,676,1814,25.01,2026-05-05 12:19:00
273,기획팀,user_plan_05,부서별 사용량 데이터를 보고 이상치와 반복 패턴을 찾아줘,gpt-4o,409,999,1408,99.42,2026-05-13 11:26:00
274,기획팀,user_plan_09,상반기 업무 내용을 경영진 보고용으로 간결하게 정리해줘,gpt-4o-mini,319,889,1208,18.76,2026-05-02 16:01:00
275,기획팀,user_plan_10,개발팀에게 공유할 시장 조사 결과 보고서를 1페이지 분량으로 작성해줘,gpt-4o-mini,464,1125,1589,24.47,2026-05-04 11:18:00
276,기획팀,user_plan_04,경영진에게 공유할 시장 조사 결과 보고서를 1페이지 분량으로 작성해줘,gpt-4.1-mini,453,778,1231,21.59,2026-05-07 10:01:00
277,기획팀,user_plan_04,사용자 증가율 데이터를 보고 증가/감소 원인과 개선 액션을 분석해줘,gpt-4o-mini,529,740,1269,18.78,2026-05-15 12:04:00
278,기획팀,user_plan_07,경쟁사 분석 관련 긴 문서를 임원 보고용으로 3문단 요약해줘,gpt-4o-mini,587,466,1053,14.87,2026-05-17 12:32:00
279,기획팀,user_plan_05,시장 조사 문서의 핵심 내용을 5개 bullet로 요약해줘,gpt-4.1,749,460,1209,90.55,2026-05-11 09:33:00
280,기획팀,user_plan_09,시장 조사 관련 체크리스트를 만들어줘,gpt-4o,197,391,588,40.94,2026-05-26 12:15:00
281,기획팀,user_plan_08,부서별 사용량 데이터를 보고 이상치와 반복 패턴을 찾아줘,gpt-4o-mini,476,795,1271,19.07,2026-05-01 15:27:00
282,기획팀,user_plan_07,임베딩 용어의 의미와 예시를 간단히 정리해줘,gpt-4o-mini,146,402,548,8.51,2026-05-24 14:24:00
283,기획팀,user_plan_05,기능 사용률 지표를 기준으로 다음 달 예상 리스크를 설명해줘,gpt-4.1-mini,484,552,1036,17.6,2026-05-20 16:43:00
284,기획팀,user_plan_12,"고객 세그먼트 분석 진행 상황을 배경, 주요 성과, 이슈, 다음 계획으로 나눠 보고서 초안을 작성해줘",gpt-4.1-mini,354,928,1282,23.14,2026-05-07 15:44:00
285,기획팀,user_plan_08,"AI 자동화 서비스 진행 상황을 배경, 주요 성과, 이슈, 다음 계획으로 나눠 보고서 초안을 작성해줘 가상고객A와 가상고객B 사례를 포함해줘",gpt-4.1-mini,649,1303,1952,34.62,2026-05-21 10:55:00
286,기획팀,user_plan_05,정책 문서의 핵심 내용을 5개 bullet로 요약해줘,gpt-4o-mini,367,361,728,10.47,2026-05-16 16:48:00
287,기획팀,user_plan_10,PO에게 공유할 경쟁사 분석 결과 보고서를 1페이지 분량으로 작성해줘,gpt-4.1-mini,411,700,1111,19.47,2026-05-22 16:32:00
288,기획팀,user_plan_09,이번 주 매출과 비용 데이터를 기반으로 핵심 인사이트를 정리해줘 참고용 가짜 이메일: demo.user@example.invalid,gpt-4o-mini,821,636,1457,20.54,2026-05-15 11:57:00
289,기획팀,user_plan_04,기능 채택률 데이터를 보고 증가/감소 원인과 개선 액션을 분석해줘,gpt-4o-mini,570,628,1198,17.39,2026-05-19 10:41:00
290,기획팀,user_plan_11,부서별 사용량 데이터를 보고 이상치와 반복 패턴을 찾아줘 샘플 계약서의 위약금 조항과 해지 조건을 포함해줘,gpt-4o,816,743,1559,102.09,2026-05-26 11:33:00
291,기획팀,user_plan_08,첨부 문서의 주요 쟁점과 후속 조치 사항을 정리해줘,gpt-4.1-mini,448,588,1036,17.8,2026-05-10 15:03:00
292,기획팀,user_plan_03,신규 대시보드에 사용할 간단한 공지 문구를 작성해줘,gpt-4o-mini,272,354,626,9.21,2026-05-11 09:54:00
293,기획팀,user_plan_11,데모 상품 이용 중 발생한 문제에 대한 FAQ 답변을 작성해줘,gpt-4o-mini,474,614,1088,16.0,2026-05-11 15:09:00
294,기획팀,user_plan_10,정책 문서에서 위험 조항과 확인 필요 항목만 추려줘,gpt-4o,794,707,1501,98.11,2026-05-16 13:44:00
295,기획팀,user_plan_03,첨부 문서의 주요 쟁점과 후속 조치 사항을 정리해줘,gpt-4o,855,697,1552,100.69,2026-05-01 17:28:00
296,기획팀,user_plan_06,서비스 로드맵의 개념을 비전공자도 이해할 수 있게 설명해줘,gpt-4.1-mini,80,330,410,7.59,2026-05-20 17:32:00
297,기획팀,user_plan_02,"이번 주 로드맵 성과를 팀장 보고용 보고서 형식으로 정리해줘 가상 매출 100000000원, 비용 70000000원 기준으로 작성해줘",gpt-4.1-mini,555,815,1370,23.74,2026-05-21 13:40:00
298,기획팀,user_plan_07,"다음 회의록을 의사결정 사항, 담당자, 일정으로 나눠 요약해줘 샘플 계약서의 위약금 조항과 해지 조건을 포함해줘",gpt-4o-mini,1276,740,2016,27.74,2026-05-04 10:11:00
299,기획팀,user_plan_06,신규 서비스 런칭 성과 데이터를 표로 요약하고 해석해줘 가상의 인사평가 문구와 면접 피드백 예시를 포함해줘,gpt-4o-mini,754,1098,1852,27.49,2026-05-23 12:43:00
300,기획팀,user_plan_11,"시장 조사 문서에서 위험 조항과 확인 필요 항목만 추려줘 가상 매출 100000000원, 비용 70000000원 기준으로 작성해줘",gpt-4o-mini,607,570,1177,16.86,2026-05-17 11:30:00
301,영업팀,user_sales_04,이번 주 업무 내용을 경영진 보고용으로 간결하게 정리해줘,gpt-4o-mini,520,1095,1615,24.64,2026-05-18 10:18:00
302,영업팀,user_sales_09,샘플 서비스 이용 중 발생한 문제에 대한 FAQ 답변을 작성해줘,gpt-4o-mini,272,522,794,12.03,2026-05-05 15:07:00
303,영업팀,user_sales_03,제안서의 개념을 비전공자도 이해할 수 있게 설명해줘,gpt-4.1-mini,204,397,601,10.64,2026-05-13 15:47:00
304,영업팀,user_sales_07,"데모고객D 고객의 결제 오류 문의에 대해 정중한 답변을 작성해줘 가상 매출 100000000원, 비용 70000000원 기준으로 작성해줘",gpt-4o,301,579,880,61.14,2026-05-16 13:18:00
305,영업팀,user_sales_02,영업 본부장에게 공유할 제안서 결과 보고서를 1페이지 분량으로 작성해줘,gpt-4o,276,955,1231,88.72,2026-05-02 15:26:00
306,영업팀,user_sales_10,"분기 영업 전략 진행 상황을 배경, 주요 성과, 이슈, 다음 계획으로 나눠 보고서 초안을 작성해줘",gpt-4o-mini,365,984,1349,20.91,2026-05-04 15:11:00
307,영업팀,user_sales_12,고객 문의를 바탕으로 상담사가 사용할 5문장 이내 답변을 만들어줘,gpt-4o,275,464,739,50.85,2026-05-15 10:04:00
308,영업팀,user_sales_10,GitHub Actions와 PostgreSQL의 차이를 비교해줘,gpt-4.1-mini,188,375,563,9.98,2026-05-02 12:47:00
309,영업팀,user_sales_01,샘플 계약서에서 위험 조항과 확인 필요 항목만 추려줘,gpt-4o-mini,887,616,1503,20.99,2026-05-18 12:18:00
310,영업팀,user_sales_02,"배송/결제 관련 불만 고객에게 보낼 공감형 안내 문구를 작성해줘 가상 매출 100000000원, 비용 70000000원 기준으로 작성해줘",gpt-4o-mini,609,497,1106,15.66,2026-05-24 15:41:00
311,영업팀,user_sales_03,데모고객D에게 보낼 후속 안내 메일을 작성해줘 샘플 법무 검토 의견과 소송 가능성 문구를 포함해줘,gpt-4.1,481,596,1077,85.5,2026-05-06 15:43:00
312,영업팀,user_sales_09,"매출 데이터를 보고 증가/감소 원인과 개선 액션을 분석해줘 가상 매출 100000000원, 비용 70000000원 기준으로 작성해줘",gpt-4o-mini,651,739,1390,20.23,2026-05-24 14:54:00
313,영업팀,user_sales_05,이번 달 매출과 비용 데이터를 기반으로 핵심 인사이트를 정리해줘 샘플 계약서의 위약금 조항과 해지 조건을 포함해줘,gpt-4o-mini,726,797,1523,22.1,2026-05-08 15:43:00
314,영업팀,user_sales_05,고객 미팅의 개념을 비전공자도 이해할 수 있게 설명해줘,gpt-4o,158,266,424,29.17,2026-05-12 10:17:00
315,영업팀,user_sales_06,RAG 용어의 의미와 예시를 간단히 정리해줘 가상의 인사평가 문구와 면접 피드백 예시를 포함해줘,gpt-4o-mini,474,343,817,11.45,2026-05-05 12:24:00
316,영업팀,user_sales_04,영업 본부장에게 공유할 제안서 결과 보고서를 1페이지 분량으로 작성해줘 가상고객A와 가상고객B 사례를 포함해줘,gpt-4o,383,724,1107,76.81,2026-05-07 12:03:00
317,영업팀,user_sales_08,매출 데이터를 보고 증가/감소 원인과 개선 액션을 분석해줘,gpt-4o-mini,788,903,1691,24.63,2026-05-14 14:28:00
318,영업팀,user_sales_12,정책 문서의 핵심 내용을 5개 bullet로 요약해줘,gpt-4o-mini,916,598,1514,21.04,2026-05-18 10:52:00
319,영업팀,user_sales_01,부서별 사용량 데이터를 보고 이상치와 반복 패턴을 찾아줘 참고용 가짜 이메일: demo.user@example.invalid,gpt-4.1-mini,728,939,1667,28.6,2026-05-08 13:05:00
320,영업팀,user_sales_01,견적 안내 관련 교육 자료 목차를 작성해줘,gpt-4o-mini,148,418,566,8.8,2026-05-19 15:30:00
321,영업팀,user_sales_02,계약 성공률 데이터를 보고 증가/감소 원인과 개선 액션을 분석해줘 가상고객A와 가상고객B 사례를 포함해줘,gpt-4o-mini,895,708,1603,22.63,2026-05-26 09:09:00
322,영업팀,user_sales_10,제안서 관련 긴 문서를 임원 보고용으로 3문단 요약해줘,gpt-4o-mini,1112,438,1550,20.7,2026-05-16 09:23:00
323,영업팀,user_sales_08,샘플 계약서에서 위험 조항과 확인 필요 항목만 추려줘 샘플 법무 검토 의견과 소송 가능성 문구를 포함해줘,gpt-4.1-mini,866,662,1528,25.1,2026-05-04 10:11:00
324,영업팀,user_sales_08,부서별 사용량 데이터를 보고 이상치와 반복 패턴을 찾아줘 가상고객A와 가상고객B 사례를 포함해줘,gpt-4.1-mini,929,865,1794,29.96,2026-05-07 09:13:00
325,영업팀,user_sales_07,정책 문서에서 위험 조항과 확인 필요 항목만 추려줘 가상의 인사평가 문구와 면접 피드백 예시를 포함해줘,gpt-4o-mini,732,516,1248,17.45,2026-05-12 15:52:00
326,영업팀,user_sales_04,데모고객D에게 보낼 후속 안내 메일을 작성해줘 샘플 계약서의 위약금 조항과 해지 조건을 포함해줘,gpt-4o-mini,437,502,939,13.68,2026-05-12 12:12:00
327,영업팀,user_sales_11,제안서 관련 교육 자료 목차를 작성해줘,gpt-4o-mini,200,446,646,9.89,2026-05-23 15:40:00
328,영업팀,user_sales_11,데모고객D에게 보낼 후속 안내 메일을 작성해줘,gpt-4o-mini,320,408,728,10.69,2026-05-23 15:00:00
329,영업팀,user_sales_10,Azure OpenAI를 사용할 때 주의할 점을 알려줘,gpt-4o-mini,134,253,387,5.86,2026-05-14 11:40:00
330,영업팀,user_sales_01,"대형 고객 제안 진행 상황을 배경, 주요 성과, 이슈, 다음 계획으로 나눠 보고서 초안을 작성해줘",gpt-4o-mini,487,811,1298,19.47,2026-05-24 11:29:00
331,영업팀,user_sales_07,분기 영업 캠페인 성과 데이터를 표로 요약하고 해석해줘 가상고객A와 가상고객B 사례를 포함해줘,gpt-4o-mini,560,765,1325,19.57,2026-05-04 16:50:00
332,영업팀,user_sales_09,샘플고객B 고객의 결제 오류 문의에 대해 정중한 답변을 작성해줘,gpt-4o-mini,365,618,983,14.76,2026-05-01 17:32:00
333,영업팀,user_sales_05,"다음 회의록을 의사결정 사항, 담당자, 일정으로 나눠 요약해줘",gpt-4o-mini,1116,476,1592,21.39,2026-05-06 12:43:00
334,영업팀,user_sales_11,고객 미팅 관련 긴 문서를 임원 보고용으로 3문단 요약해줘 참고용 가짜 이메일: demo.user@example.invalid,gpt-4.1,990,674,1664,125.68,2026-05-17 14:25:00
335,영업팀,user_sales_02,배송/결제 관련 불만 고객에게 보낼 공감형 안내 문구를 작성해줘,gpt-4o-mini,235,444,679,10.28,2026-05-18 13:45:00
336,영업팀,user_sales_08,매출 데이터를 보고 증가/감소 원인과 개선 액션을 분석해줘,gpt-4o-mini,476,525,1001,14.53,2026-05-10 11:53:00
337,영업팀,user_sales_06,팀 내 공유용으로 제안서 관련 아이디어를 10개 제안해줘,gpt-4o-mini,166,277,443,6.65,2026-05-20 10:01:00
338,영업팀,user_sales_06,샘플고객B 고객의 서비스 해지 문의 문의에 대해 정중한 답변을 작성해줘,gpt-4o,271,493,764,52.87,2026-05-05 15:40:00
339,영업팀,user_sales_04,최근 4주 고객 제안 성과를 팀장 보고용 보고서 형식으로 정리해줘 샘플 계약서의 위약금 조항과 해지 조건을 포함해줘,gpt-4o-mini,474,979,1453,22.14,2026-05-19 17:32:00
340,영업팀,user_sales_08,고객 미팅 관련 긴 문서를 임원 보고용으로 3문단 요약해줘,gpt-4o-mini,783,573,1356,19.02,2026-05-06 13:01:00
341,영업팀,user_sales_05,상반기 업무 내용을 경영진 보고용으로 간결하게 정리해줘,gpt-4o-mini,399,948,1347,20.71,2026-05-17 16:33:00
342,영업팀,user_sales_02,이번 달 리드 전환 성과를 팀장 보고용 보고서 형식으로 정리해줘 샘플 계약서의 위약금 조항과 해지 조건을 포함해줘,gpt-4o-mini,433,1072,1505,23.21,2026-05-06 17:58:00
343,영업팀,user_sales_08,부서별 사용량 데이터를 보고 이상치와 반복 패턴을 찾아줘,gpt-4o-mini,781,761,1542,22.16,2026-05-04 09:52:00
344,영업팀,user_sales_02,테스트 플랜 이용 중 발생한 문제에 대한 FAQ 답변을 작성해줘,gpt-4o,372,439,811,54.26,2026-05-09 17:46:00
345,영업팀,user_sales_05,상반기 매출과 비용 데이터를 기반으로 핵심 인사이트를 정리해줘,gpt-4o-mini,612,936,1548,23.07,2026-05-07 09:37:00
346,영업팀,user_sales_07,"리드 전환율 지표를 바탕으로 월간 업무 보고서의 핵심 요약과 개선점을 작성해줘 가상 매출 100000000원, 비용 70000000원 기준으로 작성해줘",gpt-4o,530,987,1517,105.15,2026-05-12 09:03:00
347,영업팀,user_sales_11,데모 상품 이용 중 발생한 문제에 대한 FAQ 답변을 작성해줘 가상고객A와 가상고객B 사례를 포함해줘,gpt-4o-mini,499,387,886,12.49,2026-05-25 12:16:00
348,영업팀,user_sales_10,데모고객D에게 보낼 후속 안내 메일을 작성해줘 가상고객A와 가상고객B 사례를 포함해줘,gpt-4o-mini,417,475,892,12.98,2026-05-10 12:37:00
349,영업팀,user_sales_12,"리드 육성 진행 상황을 배경, 주요 성과, 이슈, 다음 계획으로 나눠 보고서 초안을 작성해줘",gpt-4o-mini,372,595,967,14.46,2026-05-23 09:44:00
350,영업팀,user_sales_08,배송/결제 관련 불만 고객에게 보낼 공감형 안내 문구를 작성해줘 가상고객A와 가상고객B 사례를 포함해줘,gpt-4o-mini,514,538,1052,15.21,2026-05-06 12:53:00
